asset,variant,model,sharpe,cagr,vol,max_dd,win,days,p,twin_p95,oos_from
EURUSD,P,logit,-0.09340269969702295,-0.009173829030829195,0.0713923080976349,0.32627980545405966,0.5011709601873536,2135,0.5995,0.2983373282112914,2016-07-20
EURUSD,P,xgb,-0.4272033602749683,-0.03250977840338842,0.07139577667721869,0.3416946881911439,0.49414519906323184,2135,0.8896,0.2983373282112914,2016-07-20
EURUSD,S,logit,-0.0621753357604863,-0.006920683065733679,0.07107937951731537,0.2745946615425311,0.49588377723970944,2065,0.5756,0.08664375006523665,2016-08-31
EURUSD,S,xgb,-0.6567443000669458,-0.048012089360463084,0.0710694002343509,0.40314495085083535,0.48232445520581113,2065,0.9656,0.08664375006523665,2016-08-31
EURUSD,L,logit,-0.5002979605407831,-0.03755940227003296,0.07141996237736833,0.3289668742749705,0.48711943793911006,2135,0.9477,0.2983373282112914,2016-07-20
EURUSD,L,xgb,-0.3057345905552015,-0.024077029598723043,0.07138354161633301,0.2182882926193611,0.4955503512880562,2135,0.8358,0.2983373282112914,2016-07-20
USDJPY,P,logit,-0.2793086663681204,-0.027459798836357296,0.08634322755427319,0.28979903354060865,0.5039812646370023,2135,0.8032,0.3096437631071255,2016-07-20
USDJPY,P,xgb,-0.05412019392583902,-0.00836475330769515,0.08632740390036507,0.22639187743778577,0.5194379391100703,2135,0.5666,0.3096437631071255,2016-07-20
USDJPY,S,logit,-0.5081213603352793,-0.04575894686717463,0.08504701817997612,0.3385893455748077,0.4944309927360775,2065,0.9375,0.14746066053391174,2016-08-31
USDJPY,S,xgb,0.023677274554919768,-0.0016050456570499971,0.08506879266608958,0.20599887823633412,0.5065375302663438,2065,0.4776,0.14746066053391174,2016-08-31
USDJPY,L,logit,-0.43101680483536026,-0.040137473465408635,0.08637766185979233,0.32012088850693377,0.49789227166276345,2135,0.9147,0.3096437631071255,2016-07-20
USDJPY,L,xgb,-0.29003231936716733,-0.028375174934532676,0.08637360383642159,0.2683346144338489,0.5053864168618267,2135,0.8154,0.3096437631071255,2016-07-20
ZN,P,logit,-0.7678356721334018,-0.04345001346708388,0.05581980478555803,0.32014863389266723,0.4846715328467153,2055,0.9876,-0.6656920599046716,2016-07-27
ZN,P,xgb,-0.7269275875841508,-0.04122786312281046,0.05577326849361226,0.3535726610628258,0.48759124087591244,2055,0.9858,-0.6656920599046716,2016-07-27
ZN,S,logit,-0.846329059321045,-0.04741291598411057,0.05556468073840362,0.31921734613480857,0.48391959798994977,1990,0.9924,-0.5011968656870089,2016-08-31
ZN,S,xgb,-0.9957567843307438,-0.055284649306473366,0.055557745884762026,0.36855731783959556,0.4728643216080402,1990,0.9974,-0.5011968656870089,2016-08-31
ZN,L,logit,-0.48430467209795286,-0.02816335704654871,0.05577583912281922,0.2355940461245536,0.4822384428223844,2055,0.9416,-0.6656920599046716,2016-07-27
ZN,L,xgb,-0.711791041840518,-0.04043823474923747,0.05580075951770371,0.3009034765230433,0.4851581508515815,2055,0.9841,-0.6656920599046716,2016-07-27
